meetingID,meetingTitle,startTime,endTime,persons,Summary
1,团队会议,2024-10-01T10:00:00,2024-10-01T11:00:00,ljk，hjx，lt,从你的描述来看，这段话似乎是在讨论某个特定情境下的费用问题以及如何处理这种情况的建议。根据你的描述，说话者（SpeakerID: 1）建议在这种情境下直接在当前页面上说明需要支付的费用，而不是去深入分析或评估受害者的具体情况或后果。说话者认为这样的处理方式是合理的。
2,测试,2024-12-08T12:31:51.258Z,2024-12-08T12:32:35.671Z,"ljk, lt",
3,语音识别小组会议,2024-12-08T12:44:08.162Z,2024-12-08T12:45:24.134Z,"Juekai Lin, Tong Li, Jingxiao Han","从对话内容可以看出，团队成员已经就语音识别项目的分工达成了一致意见。以下是具体的分工情况：

- SpeakerID: 1 该项目是语言识别期末项目，他主要负责前后端系统的搭建，这是语音识别项目的基础。
- SpeakerID: 2 负责后端接口部分，计划使用人工智能技术实现语音的实时转录和说话人分离。
- SpeakerID: 3 设计前端部分，具体包括三个界面：实时会议转写、生成会议纪要的AI助手以及历史会议信息查询功能。

最后，SpeakerID: 1 表示大家分工明确，并宣布会议结束。这样的分工有助于团队高效地推进项目进展。"
4,区块链,2024-12-09T11:20:50.113Z,2024-12-09T11:21:55.536Z,"sy, ljk","这段话似乎有些不连贯，但大致的意思是关于访问某些资源（可能是软件或系统）的复杂性，以及如何通过某种方式（例如特定身份或权限）来获得访问权。下面是对这段话的一种可能的理解和整理：

“这不是一个简单的任务，比如要访问某些资源，例如一个老师或许能够访问某个学院的资源，这可能还不错。当我们谈论手机或其他设备时，通常会提到某个计算机上的软件。可能还需要在某个页面中进行一些操作，比如点击'OK'并添加一些属性，然后创建新的设置。”

如果需要更准确的理解或有具体的上下文，请提供更多信息。"
